algorithm,run_number,run_duration,iterations,cost
Greedy,0,1.1157350540161133,,36538
Greedy,0,1.6408617496490479,,36988
Greedy,0,0.4127779006958008,,36997
Greedy,0,0.6858320236206055,,36916
Greedy,0,0.7521460056304932,,36475
Greedy,0,0.12480878829956055,,37051
Greedy,0,1.1900241374969482,,36655
Greedy,0,1.1740849018096924,,37393
Greedy,0,1.0193378925323486,,37573
Greedy,0,1.474998950958252,,36673
Greedy,0,0.7264618873596191,,36835
