algorithm,run_number,run_duration,iterations,cost
Baseline,0,1.370286226272583,,52171
Baseline,0,4.142934083938599,,49777
Baseline,0,13.863420009613037,,51793
