algorithm,run_number,run_duration,iterations,cost
Baseline,0,6.763118028640747,,52000
Baseline,0,2.5312557220458984,,51892
Baseline,0,3.274528980255127,,51289
