algorithm,run_number,run_duration,iterations,cost
Baseline,0,1.9767730236053467,,47464
Baseline,0,2.5270161628723145,,47626
Baseline,0,1.4834630489349365,,49570
Baseline,0,15.614967823028564,,47734
