algorithm,run_number,run_duration,iterations,cost
Greedy,0,0.9027411937713623,,36862
Greedy,0,0.2569739818572998,,36772
Greedy,0,0.3287391662597656,,37096
Greedy,0,0.49299097061157227,,36619
Greedy,0,0.07907295227050781,,36907
Greedy,0,4.903815269470215,,36862
Greedy,0,0.03833508491516113,,37276
Greedy,0,0.5155577659606934,,37510
Greedy,0,0.18825173377990723,,37069
Greedy,0,1.5343232154846191,,37123
Greedy,0,0.3071889877319336,,37384
Greedy,0,1.347900152206421,,36547
